<?xml version="1.0" encoding="UTF-8" standalone="yes"?>
<addon id="plugin.video.UltimateTV" name="UltimateTV" version="99.0.1" provider-name="Faint">
  <requires>
    <import addon="xbmc.python" version="2.1.0"/>
  </requires>
  <extension point="xbmc.python.pluginsource" library="default.py">
        <provides>video</provides>
  </extension>
  <extension point="xbmc.addon.metadata">
    <summary lang="en">Watch anything, anytime, for free.</summary>
    <description lang="en">Watch anything, anytime, for free.</description>
    <platform>all</platform>
  </extension>
</addon>
